{
    "0": {
        "mask": [
            0,
            0,
            0,
            0,
            1
        ],
        "params": {
            "sl": 311,
            "tp": 225,
            "size": 323,
            "window_1": 11,
            "param1_1": 53,
            "param2_1": 29
        },
        "result": 0.25410638825434084
    },
    "1": {
        "mask": [
            0,
            0,
            0,
            1,
            0
        ],
        "params": {
            "sl": 573,
            "tp": 326,
            "size": 609,
            "window_1": 90,
            "param1_1": 38,
            "param2_1": 19
        },
        "result": 0.9138809022335217
    },
    "2": {
        "mask": [
            0,
            0,
            0,
            1,
            1
        ],
        "params": {
            "sl": 427,
            "tp": 399,
            "size": 207,
            "window_1": 60,
            "param1_1": 21,
            "param2_1": 76,
            "window_2": 100,
            "param1_2": 6,
            "param2_2": 30
        },
        "result": 0.5197324495417708
    },
    "3": {
        "mask": [
            0,
            0,
            1,
            0,
            0
        ],
        "params": {
            "sl": 254,
            "tp": 812,
            "size": 283,
            "window_1": 83,
            "param1_1": 78,
            "param2_1": 8
        },
        "result": 0.3458672553370741
    },
    "4": {
        "mask": [
            0,
            0,
            1,
            0,
            1
        ],
        "params": {
            "sl": 980,
            "tp": 991,
            "size": 895,
            "window_1": 83,
            "param1_1": 36,
            "param2_1": 5,
            "window_2": 72,
            "param1_2": 18,
            "param2_2": 7
        },
        "result": 0.8133805602800748
    },
    "5": {
        "mask": [
            0,
            0,
            1,
            1,
            0
        ],
        "params": {
            "sl": 306,
            "tp": 238,
            "size": 527,
            "window_1": 57,
            "param1_1": 33,
            "param2_1": 25,
            "window_2": 92,
            "param1_2": 7,
            "param2_2": 16
        },
        "result": 0.8918631771667171
    },
    "6": {
        "mask": [
            0,
            0,
            1,
            1,
            1
        ],
        "params": {
            "sl": 356,
            "tp": 579,
            "size": 682,
            "window_1": 73,
            "param1_1": 57,
            "param2_1": 100,
            "window_2": 57,
            "param1_2": 56,
            "param2_2": 93,
            "window_3": 96,
            "param1_3": 9,
            "param2_3": 76
        },
        "result": 0.7182935356584932
    },
    "7": {
        "mask": [
            0,
            1,
            0,
            0,
            0
        ],
        "params": {
            "sl": 503,
            "tp": 850,
            "size": 511,
            "window_1": 1,
            "param1_1": 17,
            "param2_1": 61
        },
        "result": 0.31922590414582963
    },
    "8": {
        "mask": [
            0,
            1,
            0,
            0,
            1
        ],
        "params": {
            "sl": 283,
            "tp": 632,
            "size": 291,
            "window_1": 50,
            "param1_1": 87,
            "param2_1": 38,
            "window_2": 24,
            "param1_2": 86,
            "param2_2": 38
        },
        "result": 0.6614799526724875
    },
    "9": {
        "mask": [
            0,
            1,
            0,
            1,
            0
        ],
        "params": {
            "sl": 314,
            "tp": 261,
            "size": 591,
            "window_1": 73,
            "param1_1": 30,
            "param2_1": 57,
            "window_2": 21,
            "param1_2": 69,
            "param2_2": 24
        },
        "result": 0.8699147266561251
    },
    "10": {
        "mask": [
            0,
            1,
            0,
            1,
            1
        ],
        "params": {
            "sl": 377,
            "tp": 387,
            "size": 387,
            "window_1": 40,
            "param1_1": 36,
            "param2_1": 93,
            "window_2": 53,
            "param1_2": 70,
            "param2_2": 5,
            "window_3": 95,
            "param1_3": 8,
            "param2_3": 32
        },
        "result": 0.7994845796074057
    },
    "11": {
        "mask": [
            0,
            1,
            1,
            0,
            0
        ],
        "params": {
            "sl": 362,
            "tp": 269,
            "size": 779,
            "window_1": 77,
            "param1_1": 2,
            "param2_1": 100,
            "window_2": 71,
            "param1_2": 30,
            "param2_2": 100
        },
        "result": 0.9145003644691028
    },
    "12": {
        "mask": [
            0,
            1,
            1,
            0,
            1
        ],
        "params": {
            "sl": 351,
            "tp": 695,
            "size": 879,
            "window_1": 7,
            "param1_1": 88,
            "param2_1": 98,
            "window_2": 71,
            "param1_2": 87,
            "param2_2": 81,
            "window_3": 95,
            "param1_3": 2,
            "param2_3": 88
        },
        "result": 0.7716987850361163
    },
    "13": {
        "mask": [
            0,
            1,
            1,
            1,
            0
        ],
        "params": {
            "sl": 523,
            "tp": 318,
            "size": 788,
            "window_1": 76,
            "param1_1": 52,
            "param2_1": 65,
            "window_2": 92,
            "param1_2": 80,
            "param2_2": 27,
            "window_3": 28,
            "param1_3": 85,
            "param2_3": 65
        },
        "result": 0.7251051845635663
    },
    "14": {
        "mask": [
            0,
            1,
            1,
            1,
            1
        ],
        "params": {
            "sl": 354,
            "tp": 237,
            "size": 717,
            "window_1": 66,
            "param1_1": 90,
            "param2_1": 47,
            "window_2": 91,
            "param1_2": 86,
            "param2_2": 20,
            "window_3": 29,
            "param1_3": 13,
            "param2_3": 91,
            "window_4": 30,
            "param1_4": 61,
            "param2_4": 94
        },
        "result": 1.1075030949453408
    },
    "15": {
        "mask": [
            1,
            0,
            0,
            0,
            0
        ],
        "params": {
            "sl": 588,
            "tp": 834,
            "size": 942,
            "window_1": 19,
            "param1_1": 2,
            "param2_1": 56
        },
        "result": 0.45532197350216497
    },
    "16": {
        "mask": [
            1,
            0,
            0,
            0,
            1
        ],
        "params": {
            "sl": 480,
            "tp": 392,
            "size": 923,
            "window_1": 31,
            "param1_1": 57,
            "param2_1": 55,
            "window_2": 100,
            "param1_2": 2,
            "param2_2": 40
        },
        "result": 0.6036488297892657
    },
    "17": {
        "mask": [
            1,
            0,
            0,
            1,
            0
        ],
        "params": {
            "sl": 318,
            "tp": 540,
            "size": 170,
            "window_1": 10,
            "param1_1": 50,
            "param2_1": 35,
            "window_2": 45,
            "param1_2": 82,
            "param2_2": 29
        },
        "result": 0.31043608367111575
    },
    "18": {
        "mask": [
            1,
            0,
            0,
            1,
            1
        ],
        "params": {
            "sl": 375,
            "tp": 202,
            "size": 301,