{
    "0": {
        "mask": [
            0,
            0,
            0,
            0,
            1
        ],
        "params": {
            "sl": 105,
            "tp": 276,
            "size": 943,
            "window_1": 31,
            "param1_1": 93,
            "param2_1": 16
        },
        "result": 0.20649052119180977
    },
    "1": {
        "mask": [
            0,
            0,
            0,
            1,
            0
        ],
        "params": {
            "sl": 357,
            "tp": 486,
            "size": 116,
            "window_1": 36,
            "param1_1": 36,
            "param2_1": 43
        },
        "result": 0.1411036809052073
    },
    "2": {
        "mask": [
            0,
            0,
            0,
            1,
            1
        ],
        "params": {
            "sl": 374,
            "tp": 389,
            "size": 71,
            "window_1": 79,
            "param1_1": 67,
            "param2_1": 80,
            "window_2": 36,
            "param1_2": 85,
            "param2_2": 16
        },
        "result": 0.04716640132670524
    },
    "3": {
        "mask": [
            0,
            0,
            1,
            0,
            0
        ],
        "params": {
            "sl": 566,
            "tp": 597,
            "size": 131,
            "window_1": 30,
            "param1_1": 7,
            "param2_1": 59
        },
        "result": 0.14191559544481835
    },
    "4": {
        "mask": [
            0,
            0,
            1,
            0,
            1
        ],
        "params": {
            "sl": 331,
            "tp": 612,
            "size": 4,
            "window_1": 70,
            "param1_1": 33,
            "param2_1": 47,
            "window_2": 55,
            "param1_2": 60,
            "param2_2": 22
        },
        "result": -0.00023670367730765918
    },
    "5": {
        "mask": [
            0,
            0,
            1,
            1,
            0
        ],
        "params": {
            "sl": 147,
            "tp": 180,
            "size": 2,
            "window_1": 24,
            "param1_1": 31,
            "param2_1": 47,
            "window_2": 50,
            "param1_2": 20,
            "param2_2": 12
        },
        "result": -0.0035073538778400692
    },
    "6": {
        "mask": [
            0,
            0,
            1,
            1,
            1
        ],
        "params": {
            "sl": 374,
            "tp": 468,
            "size": 89,
            "window_1": 82,
            "param1_1": 27,
            "param2_1": 71,
            "window_2": 82,
            "param1_2": 8,
            "param2_2": 47,
            "window_3": 90,
            "param1_3": 70,
            "param2_3": 17
        },
        "result": 0.03609771577123655
    },
    "7": {
        "mask": [
            0,
            1,
            0,
            0,
            0
        ],
        "params": {
            "sl": 108,
            "tp": 628,
            "size": 139,
            "window_1": 14,
            "param1_1": 61,
            "param2_1": 95
        },
        "result": 0.1341778698839624
    },
    "8": {
        "mask": [
            0,
            1,
            0,
            0,
            1
        ],
        "params": {
            "sl": 662,
            "tp": 341,
            "size": 10,
            "window_1": 36,
            "param1_1": 36,
            "param2_1": 1,
            "window_2": 78,
            "param1_2": 86,
            "param2_2": 86
        },
        "result": 0.0001944723507494306
    },
    "9": {
        "mask": [
            0,
            1,
            0,
            1,
            0
        ],
        "params": {
            "sl": 278,
            "tp": 503,
            "size": 146,
            "window_1": 16,
            "param1_1": 55,
            "param2_1": 74,
            "window_2": 5,
            "param1_2": 23,
            "param2_2": 88
        },
        "result": 0.13191270902965568
    },
    "10": {
        "mask": [
            0,
            1,
            0,
            1,
            1
        ],
        "params": {
            "sl": 543,
            "tp": 694,
            "size": 2,
            "window_1": 57,
            "param1_1": 36,
            "param2_1": 1,
            "window_2": 78,
            "param1_2": 60,
            "param2_2": 84,
            "window_3": 54,
            "param1_3": 1,
            "param2_3": 71
        },
        "result": -0.002761331636610298
    },
    "11": {
        "mask": [
            0,
            1,
            1,
            0,
            0
        ],
        "params": {
            "sl": 870,
            "tp": 336,
            "size": 512,
            "window_1": 35,
            "param1_1": 35,
            "param2_1": 37,
            "window_2": 69,
            "param1_2": 71,
            "param2_2": 81
        },
        "result": -0.024027932385922823
    },
    "12": {
        "mask": [
            0,
            1,
            1,
            0,
            1
        ],
        "params": {
            "sl": 346,
            "tp": 737,
            "size": 50,
            "window_1": 42,
            "param1_1": 22,
            "param2_1": 14,
            "window_2": 12,
            "param1_2": 80,
            "param2_2": 89,
            "window_3": 83,
            "param1_3": 58,
            "param2_3": 68
        },
        "result": 0.01966866087406416
    },
    "13": {
        "mask": [
            0,
            1,
            1,
            1,
            0
        ],
        "params": {
            "sl": 727,
            "tp": 840,
            "size": 1,
            "window_1": 88,
            "param1_1": 59,
            "param2_1": 72,
            "window_2": 65,
            "param1_2": 68,
            "param2_2": 73,
            "window_3": 91,
            "param1_3": 85,
            "param2_3": 84
        },
        "result": -0.0021485147100288593
    },
    "14": {
        "mask": [
            0,
            1,
            1,
            1,
            1
        ],
        "params": {
            "sl": 601,
            "tp": 261,
            "size": 109,
            "window_1": 26,
            "param1_1": 95,
            "param2_1": 2,
            "window_2": 62,
            "param1_2": 41,
            "param2_2": 8,
            "window_3": 68,
            "param1_3": 63,
            "param2_3": 54,
            "window_4": 37,
            "param1_4": 55,
            "param2_4": 58
        },
        "result": 0.07023171379064741
    },
    "15": {
        "mask": [
            1,
            0,
            0,
            0,
            0
        ],
        "params": {
            "sl": 761,
            "tp": 835,
            "size": 1,
            "window_1": 39,
            "param1_1": 43,
            "param2_1": 46
        },
        "result": -0.003023801062595699
    },
    "16": {
        "mask": [
            1,
            0,
            0,
            0,
            1
        ],
        "params": {
            "sl": 246,
            "tp": 143,
            "size": 199,
            "window_1": 18,
            "param1_1": 28,
            "param2_1": 94,
            "window_2": 82,
            "param1_2": 58,
            "param2_2": 97
        },
        "result": 0.10391231314887261
    },
    "17": {
        "mask": [
            1,
            0,
            0,
            1,
            0
        ],
        "params": {
            "sl": 621,
            "tp": 971,
            "size": 916,
            "window_1": 11,
            "param1_1": 42,
            "param2_1": 72,
            "window_2": 55,
            "param1_2": 99,
            "param2_2": 85
        },
        "result": 0.049460069860782774
    },
    "18": {
        "mask": [
            1,
            0,
            0,
            1,
            1
        ],
        "params": {
            "sl": 183,
            "tp": 304,
            "size": 90,