{
    "0": {
        "mask": [
            0,
            0,
            0,
            0,
            1
        ],
        "params": {
            "sl": 768,
            "tp": 959,
            "size": 949,
            "window_1": 82,
            "param1_1": 39,
            "param2_1": 39
        },
        "result": 2.610403547118243
    },
    "1": {
        "mask": [
            0,
            0,
            0,
            1,
            0
        ],
        "params": {
            "sl": 682,
            "tp": 933,
            "size": 851,
            "window_1": 7,
            "param1_1": 1,
            "param2_1": 80
        },
        "result": 1.7712966195977522
    },
    "2": {
        "mask": [
            0,
            0,
            0,
            1,
            1
        ],
        "params": {
            "sl": 995,
            "tp": 916,
            "size": 959,
            "window_1": 73,
            "param1_1": 63,
            "param2_1": 95,
            "window_2": 55,
            "param1_2": 69,
            "param2_2": 38
        },
        "result": 2.7070759231783907
    },
    "3": {
        "mask": [
            0,
            0,
            1,
            0,
            0
        ],
        "params": {
            "sl": 848,
            "tp": 935,
            "size": 803,
            "window_1": 30,
            "param1_1": 92,
            "param2_1": 91
        },
        "result": 1.9202651381251288
    },
    "4": {
        "mask": [
            0,
            0,
            1,
            0,
            1
        ],
        "params": {
            "sl": 951,
            "tp": 940,
            "size": 954,
            "window_1": 20,
            "param1_1": 100,
            "param2_1": 61,
            "window_2": 80,
            "param1_2": 27,
            "param2_2": 100
        },
        "result": 2.5001367773647405
    },
    "5": {
        "mask": [
            0,
            0,
            1,
            1,
            0
        ],
        "params": {
            "sl": 746,
            "tp": 932,
            "size": 913,
            "window_1": 16,
            "param1_1": 85,
            "param2_1": 99,
            "window_2": 61,
            "param1_2": 12,
            "param2_2": 52
        },
        "result": 2.3464628902041307
    },
    "6": {
        "mask": [
            0,
            0,
            1,
            1,
            1
        ],
        "params": {
            "sl": 927,
            "tp": 760,
            "size": 999,
            "window_1": 88,
            "param1_1": 92,
            "param2_1": 87,
            "window_2": 11,
            "param1_2": 27,
            "param2_2": 85,
            "window_3": 89,
            "param1_3": 93,
            "param2_3": 78
        },
        "result": 1.5270131607975075
    },
    "7": {
        "mask": [
            0,
            1,
            0,
            0,
            0
        ],
        "params": {
            "sl": 995,
            "tp": 948,
            "size": 924,
            "window_1": 84,
            "param1_1": 38,
            "param2_1": 45
        },
        "result": 2.440705838571019
    },
    "8": {
        "mask": [
            0,
            1,
            0,
            0,
            1
        ],
        "params": {
            "sl": 988,
            "tp": 947,
            "size": 998,
            "window_1": 84,
            "param1_1": 6,
            "param2_1": 12,
            "window_2": 58,
            "param1_2": 19,
            "param2_2": 57
        },
        "result": 2.707116186087744
    },
    "9": {
        "mask": [
            0,
            1,
            0,
            1,
            0
        ],
        "params": {
            "sl": 938,
            "tp": 998,
            "size": 905,
            "window_1": 99,
            "param1_1": 77,
            "param2_1": 96,
            "window_2": 100,
            "param1_2": 55,
            "param2_2": 35
        },
        "result": 2.7080690810300267
    },
    "10": {
        "mask": [
            0,
            1,
            0,
            1,
            1
        ],
        "params": {
            "sl": 760,
            "tp": 943,
            "size": 900,
            "window_1": 39,
            "param1_1": 86,
            "param2_1": 76,
            "window_2": 74,
            "param1_2": 99,
            "param2_2": 30,
            "window_3": 80,
            "param1_3": 15,
            "param2_3": 20
        },
        "result": 1.920810359474996
    },
    "11": {
        "mask": [
            0,
            1,
            1,
            0,
            0
        ],
        "params": {
            "sl": 990,
            "tp": 981,
            "size": 904,
            "window_1": 100,
            "param1_1": 97,
            "param2_1": 98,
            "window_2": 5,
            "param1_2": 75,
            "param2_2": 98
        },
        "result": 2.747757206075998
    },
    "12": {
        "mask": [
            0,
            1,
            1,
            0,
            1
        ],
        "params": {
            "sl": 933,
            "tp": 957,
            "size": 955,
            "window_1": 92,
            "param1_1": 68,
            "param2_1": 77,
            "window_2": 30,
            "param1_2": 100,
            "param2_2": 90,
            "window_3": 51,
            "param1_3": 33,
            "param2_3": 52
        },
        "result": 2.668819177405627
    },
    "13": {
        "mask": [
            0,
            1,
            1,
            1,
            0
        ],
        "params": {
            "sl": 784,
            "tp": 907,
            "size": 986,
            "window_1": 47,
            "param1_1": 3,
            "param2_1": 76,
            "window_2": 2,
            "param1_2": 83,
            "param2_2": 44,
            "window_3": 92,
            "param1_3": 45,
            "param2_3": 19
        },
        "result": 1.7583236273147533
    },
    "14": {
        "mask": [
            0,
            1,
            1,
            1,
            1
        ],
        "params": {
            "sl": 958,
            "tp": 1000,
            "size": 880,
            "window_1": 16,
            "param1_1": 93,
            "param2_1": 44,
            "window_2": 50,
            "param1_2": 93,
            "param2_2": 50,
            "window_3": 49,
            "param1_3": 18,
            "param2_3": 82,
            "window_4": 84,
            "param1_4": 54,
            "param2_4": 39
        },
        "result": 2.29570274835
    },
    "15": {
        "mask": [
            1,
            0,
            0,
            0,
            0
        ],
        "params": {
            "sl": 795,
            "tp": 996,
            "size": 839,
            "window_1": 17,
            "param1_1": 24,
            "param2_1": 48
        },
        "result": 2.7765514957156374
    },
    "16": {
        "mask": [
            1,
            0,
            0,
            0,
            1
        ],
        "params": {
            "sl": 882,
            "tp": 999,
            "size": 964,
            "window_1": 43,
            "param1_1": 6,
            "param2_1": 75,
            "window_2": 88,
            "param1_2": 81,
            "param2_2": 5
        },
        "result": 3.2839434702935035
    },
    "17": {
        "mask": [
            1,
            0,
            0,
            1,
            0
        ],
        "params": {
            "sl": 862,
            "tp": 932,
            "size": 878,
            "window_1": 17,
            "param1_1": 22,
            "param2_1": 85,
            "window_2": 54,
            "param1_2": 87,
            "param2_2": 77
        },
        "result": 2.854376633063756
    },
    "18": {
        "mask": [
            1,
            0,
            0,
            1,
            1
        ],
        "params": {
            "sl": 850,
            "tp": 994,
            "size": 963,
            "window_1": 100,