{
    "0": {
        "mask": [
            0,
            0,
            0,
            0,
            1
        ],
        "params": {
            "sl": 642,
            "tp": 719,
            "size": 366,
            "window_1": 93,
            "param1_1": 32,
            "param2_1": 49
        },
        "result": 0.48598225038749754
    },
    "1": {
        "mask": [
            0,
            0,
            0,
            1,
            0
        ],
        "params": {
            "sl": 936,
            "tp": 726,
            "size": 686,
            "window_1": 33,
            "param1_1": 44,
            "param2_1": 64
        },
        "result": 0.419122243477001
    },
    "2": {
        "mask": [
            0,
            0,
            0,
            1,
            1
        ],
        "params": {
            "sl": 508,
            "tp": 882,
            "size": 607,
            "window_1": 8,
            "param1_1": 2,
            "param2_1": 19,
            "window_2": 100,
            "param1_2": 20,
            "param2_2": 28
        },
        "result": 0.5790751101488754
    },
    "3": {
        "mask": [
            0,
            0,
            1,
            0,
            0
        ],
        "params": {
            "sl": 969,
            "tp": 902,
            "size": 714,
            "window_1": 69,
            "param1_1": 79,
            "param2_1": 19
        },
        "result": 0.4805608704277513
    },
    "4": {
        "mask": [
            0,
            0,
            1,
            0,
            1
        ],
        "params": {
            "sl": 949,
            "tp": 999,
            "size": 741,
            "window_1": 74,
            "param1_1": 76,
            "param2_1": 33,
            "window_2": 100,
            "param1_2": 97,
            "param2_2": 17
        },
        "result": 0.5671783456511261
    },
    "5": {
        "mask": [
            0,
            0,
            1,
            1,
            0
        ],
        "params": {
            "sl": 913,
            "tp": 473,
            "size": 749,
            "window_1": 10,
            "param1_1": 65,
            "param2_1": 57,
            "window_2": 7,
            "param1_2": 100,
            "param2_2": 64
        },
        "result": 0.4571066803633759
    },
    "6": {
        "mask": [
            0,
            0,
            1,
            1,
            1
        ],
        "params": {
            "sl": 974,
            "tp": 930,
            "size": 588,
            "window_1": 86,
            "param1_1": 99,
            "param2_1": 25,
            "window_2": 80,
            "param1_2": 35,
            "param2_2": 23,
            "window_3": 98,
            "param1_3": 26,
            "param2_3": 7
        },
        "result": 0.596282404241997
    },
    "7": {
        "mask": [
            0,
            1,
            0,
            0,
            0
        ],
        "params": {
            "sl": 726,
            "tp": 476,
            "size": 235,
            "window_1": 39,
            "param1_1": 3,
            "param2_1": 13
        },
        "result": 0.535766656936874
    },
    "8": {
        "mask": [
            0,
            1,
            0,
            0,
            1
        ],
        "params": {
            "sl": 493,
            "tp": 487,
            "size": 260,
            "window_1": 34,
            "param1_1": 61,
            "param2_1": 34,
            "window_2": 80,
            "param1_2": 24,
            "param2_2": 8
        },
        "result": 0.6253803935925004
    },
    "9": {
        "mask": [
            0,
            1,
            0,
            1,
            0
        ],
        "params": {
            "sl": 116,
            "tp": 940,
            "size": 771,
            "window_1": 17,
            "param1_1": 19,
            "param2_1": 5,
            "window_2": 64,
            "param1_2": 59,
            "param2_2": 19
        },
        "result": 0.456941928413249
    },
    "10": {
        "mask": [
            0,
            1,
            0,
            1,
            1
        ],
        "params": {
            "sl": 714,
            "tp": 489,
            "size": 449,
            "window_1": 11,
            "param1_1": 68,
            "param2_1": 69,
            "window_2": 60,
            "param1_2": 96,
            "param2_2": 39,
            "window_3": 99,
            "param1_3": 21,
            "param2_3": 87
        },
        "result": 0.5804902261231271
    },
    "11": {
        "mask": [
            0,
            1,
            1,
            0,
            0
        ],
        "params": {
            "sl": 923,
            "tp": 479,
            "size": 265,
            "window_1": 65,
            "param1_1": 100,
            "param2_1": 45,
            "window_2": 31,
            "param1_2": 59,
            "param2_2": 65
        },
        "result": 0.4576820660068752
    },
    "12": {
        "mask": [
            0,
            1,
            1,
            0,
            1
        ],
        "params": {
            "sl": 889,
            "tp": 869,
            "size": 843,
            "window_1": 89,
            "param1_1": 24,
            "param2_1": 62,
            "window_2": 59,
            "param1_2": 36,
            "param2_2": 59,
            "window_3": 58,
            "param1_3": 42,
            "param2_3": 18
        },
        "result": 0.6114516587958747
    },
    "13": {
        "mask": [
            0,
            1,
            1,
            1,
            0
        ],
        "params": {
            "sl": 717,
            "tp": 987,
            "size": 228,
            "window_1": 70,
            "param1_1": 68,
            "param2_1": 82,
            "window_2": 10,
            "param1_2": 72,
            "param2_2": 69,
            "window_3": 77,
            "param1_3": 1,
            "param2_3": 66
        },
        "result": 0.4561607147775013
    },
    "14": {
        "mask": [
            0,
            1,
            1,
            1,
            1
        ],
        "params": {
            "sl": 940,
            "tp": 351,
            "size": 1000,
            "window_1": 7,
            "param1_1": 24,
            "param2_1": 6,
            "window_2": 5,
            "param1_2": 82,
            "param2_2": 29,
            "window_3": 22,
            "param1_3": 80,
            "param2_3": 37,
            "window_4": 96,
            "param1_4": 38,
            "param2_4": 78
        },
        "result": 0.5846195792500009
    },
    "15": {
        "mask": [
            1,
            0,
            0,
            0,
            0
        ],
        "params": {
            "sl": 904,
            "tp": 475,
            "size": 743,
            "window_1": 12,
            "param1_1": 12,
            "param2_1": 60
        },
        "result": 0.4522542913783749
    },
    "16": {
        "mask": [
            1,
            0,
            0,
            0,
            1
        ],
        "params": {
            "sl": 918,
            "tp": 516,
            "size": 278,
            "window_1": 93,
            "param1_1": 33,
            "param2_1": 60,
            "window_2": 47,
            "param1_2": 40,
            "param2_2": 20
        },
        "result": 0.6322868864537483
    },
    "17": {
        "mask": [
            1,
            0,
            0,
            1,
            0
        ],
        "params": {
            "sl": 945,
            "tp": 370,
            "size": 224,
            "window_1": 94,
            "param1_1": 5,
            "param2_1": 34,
            "window_2": 56,
            "param1_2": 29,
            "param2_2": 22
        },
        "result": 0.601078635332001
    },
    "18": {
        "mask": [
            1,
            0,
            0,
            1,
            1
        ],
        "params": {
            "sl": 900,
            "tp": 355,
            "size": 409,